{
 "schema": "spot.stage01_summary.v3",
 "method_version": "stage1-continuous-v3.0.1",
 "scoring_universe_n": 396000,
 "by_program_condition": {
  "th1_like_score": {
   "Rest": {
    "median": -0.53627,
    "iqr": 0.47771,
    "mad": 0.2378,
    "n": 132000
   },
   "Stim48hr": {
    "median": -0.36302,
    "iqr": 0.57546,
    "mad": 0.28091,
    "n": 132000
   },
   "Stim8hr": {
    "median": 0.23884,
    "iqr": 0.86166,
    "mad": 0.42903,
    "n": 132000
   }
  },
  "th2_like_score": {
   "Rest": {
    "median": -0.21407,
    "iqr": 0.05269,
    "mad": 0.02585,
    "n": 132000
   },
   "Stim48hr": {
    "median": -0.0717,
    "iqr": 0.49977,
    "mad": 0.15826,
    "n": 132000
   },
   "Stim8hr": {
    "median": -0.19241,
    "iqr": 0.21579,
    "mad": 0.0499,
    "n": 132000
   }
  },
  "th17_like_score": {
   "Rest": {
    "median": -0.00402,
    "iqr": 0.00771,
    "mad": 0.00402,
    "n": 132000
   },
   "Stim48hr": {
    "median": -0.00618,
    "iqr": 0.01092,
    "mad": 0.00543,
    "n": 132000
   },
   "Stim8hr": {
    "median": -0.0042,
    "iqr": 0.00794,
    "mad": 0.0042,
    "n": 132000
   }
  },
  "tfh_like_score": {
   "Rest": {
    "median": -0.06508,
    "iqr": 0.03241,
    "mad": 0.01612,
    "n": 132000
   },
   "Stim48hr": {
    "median": -0.05427,
    "iqr": 0.18611,
    "mad": 0.03352,
    "n": 132000
   },
   "Stim8hr": {
    "median": -0.06324,
    "iqr": 0.12947,
    "mad": 0.02509,
    "n": 132000
   }
  },
  "treg_like_score": {
   "Rest": {
    "median": -0.21712,
    "iqr": 0.16953,
    "mad": 0.05744,
    "n": 132000
   },
   "Stim48hr": {
    "median": 0.03897,
    "iqr": 0.36449,
    "mad": 0.17968,
    "n": 132000
   },
   "Stim8hr": {
    "median": 0.0152,
    "iqr": 0.33109,
    "mad": 0.16328,
    "n": 132000
   }
  },
  "cd4_ctl_like_score": {
   "Rest": {
    "median": -0.10868,
    "iqr": 0.40414,
    "mad": 0.19219,
    "n": 132000
   },
   "Stim48hr": {
    "median": 0.16747,
    "iqr": 0.61966,
    "mad": 0.30869,
    "n": 132000
   },
   "Stim8hr": {
    "median": 0.51968,
    "iqr": 0.65436,
    "mad": 0.32681,
    "n": 132000
   }
  },
  "th9_like_score": {
   "Rest": {
    "median": 0.0,
    "iqr": 0.0019,
    "mad": 0.0,
    "n": 132000
   },
   "Stim48hr": {
    "median": 0.0,
    "iqr": 0.00552,
    "mad": 0.0,
    "n": 132000
   },
   "Stim8hr": {
    "median": 0.0,
    "iqr": 0.00428,
    "mad": 0.0,
    "n": 132000
   }
  },
  "diff_naive_score": {
   "Rest": {
    "median": 0.6482,
    "iqr": 0.51601,
    "mad": 0.25817,
    "n": 132000
   },
   "Stim48hr": {
    "median": -0.13934,
    "iqr": 0.37989,
    "mad": 0.18883,
    "n": 132000
   },
   "Stim8hr": {
    "median": -0.12872,
    "iqr": 0.40276,
    "mad": 0.19981,
    "n": 132000
   }
  },
  "diff_activated_score": {
   "Rest": {
    "median": -0.407,
    "iqr": 0.43678,
    "mad": 0.21805,
    "n": 132000
   },
   "Stim48hr": {
    "median": 0.50686,
    "iqr": 0.41149,
    "mad": 0.20509,
    "n": 132000
   },
   "Stim8hr": {
    "median": 0.5893,
    "iqr": 0.43513,
    "mad": 0.21758,
    "n": 132000
   }
  },
  "diff_memory_score": {
   "Rest": {
    "median": 0.64141,
    "iqr": 0.44983,
    "mad": 0.22491,
    "n": 132000
   },
   "Stim48hr": {
    "median": -0.01211,
    "iqr": 0.45068,
    "mad": 0.22438,
    "n": 132000
   },
   "Stim8hr": {
    "median": 0.10673,
    "iqr": 0.42569,
    "mad": 0.21285,
    "n": 132000
   }
  },
  "diff_checkpoint_score": {
   "Rest": {
    "median": -0.27606,
    "iqr": 0.19957,
    "mad": 0.088,
    "n": 132000
   },
   "Stim48hr": {
    "median": 0.11064,
    "iqr": 0.37074,
    "mad": 0.1849,
    "n": 132000
   },
   "Stim8hr": {
    "median": -0.01136,
    "iqr": 0.3681,
    "mad": 0.18197,
    "n": 132000
   }
  },
  "cd4_ctl_like_score_actadj": {
   "Rest": {
    "median": -0.10272,
    "iqr": 0.42725,
    "mad": 0.20727,
    "n": 132000
   },
   "Stim48hr": {
    "median": -0.1819,
    "iqr": 0.59516,
    "mad": 0.29528,
    "n": 132000
   },
   "Stim8hr": {
    "median": 0.15752,
    "iqr": 0.63009,
    "mad": 0.31537,
    "n": 132000
   }
  }
 }
}